{"cameraMode":{"drawMode":0,"name":"Shaded","section":"Shading Mode"},"sceneLighting":true,"audioPlay":false,"sceneViewState":{"showFog":false,"showMaterialUpdate":false,"showSkybox":false,"showFlares":false,"showImageEffects":false,"showParticleSystems":false},"in2DMode":false,"pivot":{"x":9.471362113952637,"y":-7.701903820037842,"z":4.639310359954834},"rotation":{"x":-0.34073618054389956,"y":-0.48034098744392397,"z":0.20969416201114655,"w":-0.7805125713348389},"size":13.343839645385743,"orthographic":false}