{"cameraMode":{"drawMode":0,"name":"Shaded","section":"Shading Mode"},"sceneLighting":false,"audioPlay":false,"sceneViewState":{"showFog":false,"showMaterialUpdate":false,"showSkybox":false,"showFlares":false,"showImageEffects":false,"showParticleSystems":false},"in2DMode":false,"pivot":{"x":0.09176670759916306,"y":5.930596828460693,"z":0.8292451500892639},"rotation":{"x":0.2928362190723419,"y":0.29097115993499758,"z":-0.09404943883419037,"w":0.9059456586837769},"size":0.7146486639976502,"orthographic":false}