{"cameraMode":{"drawMode":0,"name":"Shaded","section":"Shading Mode"},"sceneLighting":true,"audioPlay":false,"sceneViewState":{"showFog":false,"showMaterialUpdate":false,"showSkybox":false,"showFlares":false,"showImageEffects":false,"showParticleSystems":false},"in2DMode":false,"pivot":{"x":4.093733787536621,"y":0.8467106819152832,"z":-0.26494845747947695},"rotation":{"x":0.09917113929986954,"y":0.6734086871147156,"z":-0.09188472479581833,"w":0.7268033027648926},"size":6.263064384460449,"orthographic":false}