{"cameraMode":{"drawMode":0,"name":"Shaded","section":"Shading Mode"},"sceneLighting":true,"audioPlay":false,"sceneViewState":{"showFog":false,"showMaterialUpdate":false,"showSkybox":false,"showFlares":false,"showImageEffects":false,"showParticleSystems":false},"in2DMode":false,"pivot":{"x":1.9407429695129395,"y":-1.863858699798584,"z":1.9546864032745362},"rotation":{"x":-0.39625677466392519,"y":-0.34618526697158816,"z":0.16441789269447328,"w":-0.8343279957771301},"size":6.028600692749023,"orthographic":false}