{"cameraMode":{"drawMode":0,"name":"Shaded","section":"Shading Mode"},"sceneLighting":true,"audioPlay":false,"sceneViewState":{"showFog":false,"showMaterialUpdate":false,"showSkybox":false,"showFlares":false,"showImageEffects":false,"showParticleSystems":true},"in2DMode":false,"pivot":{"x":2.449841022491455,"y":0.7823992967605591,"z":-0.7064089775085449},"rotation":{"x":0.014362938702106476,"y":0.9856318235397339,"z":-0.11736652255058289,"w":0.12061848491430283},"size":2.952303886413574,"orthographic":false}