{"cameraMode":{"drawMode":0,"name":"Shaded","section":"Shading Mode"},"sceneLighting":true,"audioPlay":false,"sceneViewState":{"showFog":false,"showMaterialUpdate":false,"showSkybox":false,"showFlares":false,"showImageEffects":false,"showParticleSystems":false},"in2DMode":false,"pivot":{"x":-0.8455862402915955,"y":2.1458194255828859,"z":-1.2065773010253907},"rotation":{"x":0.13390180468559266,"y":0.47210556268692019,"z":-0.0728052631020546,"w":0.8682661652565002},"size":0.2857881188392639,"orthographic":false}