{"cameraMode":{"drawMode":0,"name":"Shaded","section":"Shading Mode"},"sceneLighting":true,"audioPlay":false,"sceneViewState":{"showFog":false,"showMaterialUpdate":false,"showSkybox":false,"showFlares":false,"showImageEffects":false,"showParticleSystems":true},"in2DMode":false,"pivot":{"x":1.1311235427856446,"y":1.8233147859573365,"z":4.963841915130615},"rotation":{"x":0.056683097034692767,"y":0.024914957582950593,"z":-0.001414222759194672,"w":0.998080313205719},"size":10.717751502990723,"orthographic":false}