{"cameraMode":{"drawMode":0,"name":"Shaded","section":"Shading Mode"},"sceneLighting":false,"audioPlay":false,"sceneViewState":{"showFog":false,"showMaterialUpdate":false,"showSkybox":false,"showFlares":false,"showImageEffects":false,"showParticleSystems":true},"in2DMode":false,"pivot":{"x":0.0000011920928955078126,"y":2.0,"z":1.5781240463256837},"rotation":{"x":-0.266874760389328,"y":0.6392326951026917,"z":-0.2525196373462677,"w":-0.6755689382553101},"size":12.98812484741211,"orthographic":false}