{"cameraMode":{"drawMode":0,"name":"Shaded","section":"Shading Mode"},"sceneLighting":false,"audioPlay":false,"sceneViewState":{"showFog":false,"showMaterialUpdate":false,"showSkybox":false,"showFlares":false,"showImageEffects":false,"showParticleSystems":false},"in2DMode":false,"pivot":{"x":3.0482473373413088,"y":-4.311641693115234,"z":-4.2514166831970219},"rotation":{"x":-0.1748630553483963,"y":-0.5254921317100525,"z":0.11135510355234146,"w":-0.8251551389694214},"size":0.5505647659301758,"orthographic":false}