{"cameraMode":{"drawMode":0,"name":"Shaded","section":"Shading Mode"},"sceneLighting":true,"audioPlay":false,"sceneViewState":{"showFog":false,"showMaterialUpdate":false,"showSkybox":false,"showFlares":false,"showImageEffects":false,"showParticleSystems":false},"in2DMode":false,"pivot":{"x":-0.6340003609657288,"y":-0.944191575050354,"z":2.4639294147491457},"rotation":{"x":0.47871601581573489,"y":-0.14100031554698945,"z":0.07820964604616165,"w":0.8630372285842896},"size":4.058633804321289,"orthographic":false}