{"cameraMode":{"drawMode":0,"name":"Shaded","section":"Shading Mode"},"sceneLighting":true,"audioPlay":false,"sceneViewState":{"showFog":false,"showMaterialUpdate":false,"showSkybox":false,"showFlares":false,"showImageEffects":false,"showParticleSystems":true},"in2DMode":false,"pivot":{"x":14.085416793823243,"y":-13.177654266357422,"z":-8.717876434326172},"rotation":{"x":-0.16446149349212647,"y":-0.8348379135131836,"z":0.35229194164276125,"w":-0.3897287845611572},"size":26.45846176147461,"orthographic":false}