{"cameraMode":{"drawMode":0,"name":"Shaded","section":"Shading Mode"},"sceneLighting":true,"audioPlay":false,"sceneViewState":{"showFog":false,"showMaterialUpdate":false,"showSkybox":false,"showFlares":false,"showImageEffects":false,"showParticleSystems":false},"in2DMode":false,"pivot":{"x":55.716346740722659,"y":-20.36182403564453,"z":37.86252975463867},"rotation":{"x":-0.13755884766578675,"y":-0.45933130383491518,"z":0.07224578410387039,"w":-0.8745701313018799},"size":72.49044799804688,"orthographic":false}