{"cameraMode":{"drawMode":0,"name":"Shaded","section":"Shading Mode"},"sceneLighting":true,"audioPlay":false,"sceneViewState":{"showFog":false,"showMaterialUpdate":false,"showSkybox":false,"showFlares":false,"showImageEffects":false,"showParticleSystems":false},"in2DMode":false,"pivot":{"x":-21.852195739746095,"y":-32.861663818359378,"z":59.805877685546878},"rotation":{"x":0.2408825010061264,"y":-0.1767187863588333,"z":0.04465487226843834,"w":0.9532849192619324},"size":71.94664001464844,"orthographic":false}