{"cameraMode":{"drawMode":0,"name":"Shaded","section":"Shading Mode"},"sceneLighting":true,"audioPlay":false,"sceneViewState":{"showFog":false,"showMaterialUpdate":false,"showSkybox":false,"showFlares":false,"showImageEffects":false,"showParticleSystems":true},"in2DMode":false,"pivot":{"x":-0.059923529624938968,"y":0.5671265125274658,"z":2.081406831741333},"rotation":{"x":0.26951268315315249,"y":-0.35840392112731936,"z":0.10888104140758515,"w":0.8871609568595886},"size":3.1586339473724367,"orthographic":false}