{"cameraMode":{"drawMode":0,"name":"Shaded","section":"Shading Mode"},"sceneLighting":true,"audioPlay":false,"sceneViewState":{"showFog":false,"showMaterialUpdate":false,"showSkybox":false,"showFlares":false,"showImageEffects":false,"showParticleSystems":false},"in2DMode":false,"pivot":{"x":-1.6776783466339112,"y":1.3986492156982422,"z":1.6742974519729615},"rotation":{"x":-0.22479389607906342,"y":-0.33761483430862429,"z":0.08337730914354325,"w":-0.9102374315261841},"size":4.033477306365967,"orthographic":false}