{"cameraMode":{"drawMode":0,"name":"Shaded","section":"Shading Mode"},"sceneLighting":true,"audioPlay":false,"sceneViewState":{"showFog":false,"showMaterialUpdate":false,"showSkybox":false,"showFlares":false,"showImageEffects":false,"showParticleSystems":true},"in2DMode":false,"pivot":{"x":21.533924102783204,"y":-3.9170613288879396,"z":1.3860983848571778},"rotation":{"x":0.09498441964387894,"y":0.6496874094009399,"z":-0.082308828830719,"w":0.7497395873069763},"size":19.386302947998048,"orthographic":false}