{"cameraMode":{"drawMode":0,"name":"Shaded","section":"Shading Mode"},"sceneLighting":false,"audioPlay":false,"sceneViewState":{"showFog":false,"showMaterialUpdate":false,"showSkybox":false,"showFlares":false,"showImageEffects":false,"showParticleSystems":true},"in2DMode":false,"pivot":{"x":0.25059211254119875,"y":-0.17763400077819825,"z":-0.1603095531463623},"rotation":{"x":0.2018570750951767,"y":0.264231413602829,"z":-0.056657709181308749,"w":0.9413954615592957},"size":1.847805142402649,"orthographic":false}