{"cameraMode":{"drawMode":0,"name":"Shaded","section":"Shading Mode"},"sceneLighting":true,"audioPlay":false,"sceneViewState":{"showFog":false,"showMaterialUpdate":false,"showSkybox":false,"showFlares":false,"showImageEffects":false,"showParticleSystems":false},"in2DMode":false,"pivot":{"x":72.88655090332031,"y":-5.776596546173096,"z":3.5833699703216554},"rotation":{"x":-0.04228054732084274,"y":-0.6896294355392456,"z":0.04039464890956879,"w":-0.7217976450920105},"size":74.68521881103516,"orthographic":false}