{"cameraMode":{"drawMode":0,"name":"Shaded","section":"Shading Mode"},"sceneLighting":true,"audioPlay":false,"sceneViewState":{"showFog":false,"showMaterialUpdate":false,"showSkybox":false,"showFlares":false,"showImageEffects":false,"showParticleSystems":false},"in2DMode":false,"pivot":{"x":0.31342199444770815,"y":0.0768858790397644,"z":0.12725234031677247},"rotation":{"x":0.2920019030570984,"y":0.3914557695388794,"z":-0.1325279325246811,"w":0.8625158667564392},"size":1.2924432754516602,"orthographic":false}