{"cameraMode":{"drawMode":0,"name":"Shaded","section":"Shading Mode"},"sceneLighting":false,"audioPlay":false,"sceneViewState":{"showFog":false,"showMaterialUpdate":false,"showSkybox":false,"showFlares":false,"showImageEffects":false,"showParticleSystems":false},"in2DMode":false,"pivot":{"x":-0.7595800161361694,"y":0.4659566879272461,"z":0.5263314247131348},"rotation":{"x":0.26678553223609927,"y":0.062374383211135867,"z":-0.01730150170624256,"w":0.9615797996520996},"size":0.9302875995635986,"orthographic":false}