{"cameraMode":{"drawMode":0,"name":"Shaded","section":"Shading Mode"},"sceneLighting":true,"audioPlay":false,"sceneViewState":{"showFog":false,"showMaterialUpdate":false,"showSkybox":false,"showFlares":false,"showImageEffects":false,"showParticleSystems":false},"in2DMode":false,"pivot":{"x":1.6228828430175782,"y":0.5848296880722046,"z":2.3731319904327394},"rotation":{"x":-0.14069730043411256,"y":-0.34829315543174746,"z":0.052962735295295718,"w":-0.9252519011497498},"size":4.885890007019043,"orthographic":false}