{"cameraMode":{"drawMode":0,"name":"Shaded","section":"Shading Mode"},"sceneLighting":true,"audioPlay":false,"sceneViewState":{"showFog":false,"showMaterialUpdate":false,"showSkybox":false,"showFlares":false,"showImageEffects":false,"showParticleSystems":false},"in2DMode":false,"pivot":{"x":37.739925384521487,"y":-53.01327896118164,"z":-22.377256393432618},"rotation":{"x":0.21194328367710114,"y":0.7849709987640381,"z":-0.3705144226551056,"w":0.44902077317237856},"size":70.93297576904297,"orthographic":false}