{"cameraMode":{"drawMode":0,"name":"Shaded","section":"Shading Mode"},"sceneLighting":false,"audioPlay":false,"sceneViewState":{"showFog":false,"showMaterialUpdate":false,"showSkybox":false,"showFlares":false,"showImageEffects":false,"showParticleSystems":true},"in2DMode":false,"pivot":{"x":2.5820000171661379,"y":1.2380000352859498,"z":0.0},"rotation":{"x":0.014362938702106476,"y":0.9856318235397339,"z":-0.11736652255058289,"w":0.12061848491430283},"size":0.2857882082462311,"orthographic":false}