{"cameraMode":{"drawMode":0,"name":"Shaded","section":"Shading Mode"},"sceneLighting":true,"audioPlay":false,"sceneViewState":{"showFog":false,"showMaterialUpdate":false,"showSkybox":false,"showFlares":false,"showImageEffects":false,"showParticleSystems":false},"in2DMode":false,"pivot":{"x":1.666524887084961,"y":-0.19884848594665528,"z":1.4885258674621583},"rotation":{"x":0.3961350619792938,"y":0.10981911420822144,"z":-0.047788750380277637,"w":0.9103478193283081},"size":4.058633804321289,"orthographic":false}